Target,R2,RMSE,MAE,RMSE % of Mean
LEO,0.9448525412844274,1478.5903349861055,761.0897566124135,21.15001222118658
ISS,0.9407628803274259,1371.3098035981789,752.1821650522347,21.961890317396023
SSO,0.9364199502439825,1151.986603726803,636.6476238126622,22.744085109382382
MEO,0.9299624610359263,146.26493922006802,74.82439702038019,24.133555882298534
GEO,0.9428227696136412,178.37383512305314,107.61116927450325,21.720480720133768
Average,0.9389641205010806,865.3051033308417,466.4710223544389,22.342004850079455
