Target,R2,RMSE,MAE,RMSE % of Mean
LEO,0.9705997614609799,840.8156311138637,313.8739224068803,16.50788295243092
ISS,0.9676758494687264,791.4332794595476,353.46343728789464,17.364816943901836
SSO,0.9634344063521917,671.5972659747459,294.68033236552014,18.450969554455956
MEO,0.9641958110992022,80.10292140044056,35.35001038468147,18.2096791882033
GEO,0.9656291359858695,106.00065118987462,47.685612374405956,17.862957920307103
Average,0.9663069928733939,497.98994982769443,209.01066296387648,17.679261311859825
