Target,R2,RMSE,MAE,RMSE % of Mean
LEO,0.9809181721634221,879.1655870646387,256.04261173583143,12.540578644583894
ISS,0.9731940931732137,941.2379838927113,390.5967660718562,14.975817089640383
SSO,0.9745986929205557,726.4467828036034,318.6177129308629,14.445575162441349
MEO,0.9698069373938303,94.88761696936362,40.76954955515016,15.759640096968457
GEO,0.9740413102706886,119.60198737818584,50.525769501626975,14.654271047289372
Average,0.9745118411843421,552.2679916217005,211.31048195906556,14.47517640818469
