Target,R2,RMSE,MAE
LEO,0.9829122371410118,840.7216147415529,359.9500068389265
ISS,0.9794998074783748,823.3640934360353,360.30382754054887
SSO,0.9820887473732743,619.2951396062185,272.97706095063774
MEO,0.9797463204875925,77.9711362024881,33.432564635577506
GEO,0.9821414948195295,102.3484530120912,43.68505896217888
Average,0.9812777214599565,492.74008739967724,214.0697037855739
