Target,R2,RMSE,MAE,RMSE % of Mean
LEO,0.9276189180822428,1378.630834941921,663.5724673959269,27.06137828439899
ISS,0.9251743358275965,1249.8983784613936,632.4470059179533,27.5655998795507
SSO,0.9335673441406693,936.9673852997101,474.6748999456295,25.795550735536292
MEO,0.9273965411414675,119.52414415367325,62.37612459067248,27.172880702595343
GEO,0.9289106544415523,159.11594808396467,80.51486590273747,26.62089672508261
Average,0.9285335587267058,768.8273381881324,382.71707275058395,26.84326126543279
