Target,R2,RMSE,MAE
LEO,0.9948911058299854,441.0971503358614,129.00669924827943
ISS,0.9933719852540431,451.38574432369614,203.40169920615716
SSO,0.9940120149641329,343.8559986320293,157.58205575863644
MEO,0.9937155490015133,42.39096434557985,19.46972693654222
GEO,0.9936012460392966,57.970740862707004,26.83683166440664
Average,0.9939183802177943,267.34011969997476,107.25940256280437
