Target,R2,RMSE,MAE,RMSE % of Mean
LEO,0.8975280906035863,2015.52191777915,1002.2004369384794,28.830374569910212
ISS,0.9001325623651406,1780.5352157978227,923.6082053971518,28.515743862552494
SSO,0.8961437867490772,1472.323482474851,790.0864403177463,29.0686111154568
MEO,0.8878319355336723,185.101274657032,95.70679220535402,30.541508988008136
GEO,0.9087303830671363,225.36304732768974,121.50783136053512,27.442330435597878
Average,0.8980733516637226,1135.768987607309,586.6219412438533,28.879713794305104
