Target,R2,RMSE,MAE,RMSE % of Mean
LEO,0.926996109886475,1719.624781317285,891.6790674249858,24.529042226603064
ISS,0.9184857670307965,1641.3489293582995,853.231501068217,26.115118351565403
SSO,0.9231563340143181,1263.5132779573898,673.5283007413368,25.12527614897655
MEO,0.9207708031431034,153.70874717238533,80.68352785680086,25.529090228652596
GEO,0.9204142750557247,209.41828598796724,110.51354572779356,25.659041228324643
Average,0.9219646578260836,997.5228043586654,521.9271885638268,25.39151363682445
