Target,R2,RMSE,MAE,RMSE % of Mean
LEO,0.9082531192938623,1552.1407692567889,796.4419052763006,30.467234188379024
ISS,0.9143576681553747,1337.1916506758344,727.4588104508767,29.490789523369653
SSO,0.9000630416472373,1149.2029442099383,598.8808110009638,31.63858563050489
MEO,0.9044877207497806,137.09025729539033,76.1007451345907,31.166399335905727
GEO,0.9248201386302675,163.6297297305641,88.72713994099635,27.376075049446985
Average,0.9103963376953045,867.8510702337031,457.52188236074574,30.027816745521257
