Target,R2,RMSE,MAE,RMSE % of Mean
LEO,0.9637747683261508,933.3207805660705,361.5430727429314,18.324053017717638
ISS,0.95662152736483,916.8280166769633,388.0536818048869,20.116099602872197
SSO,0.9591774390730256,709.614903547998,315.40261663887225,19.49543818012602
MEO,0.9554042609239871,89.3980649300823,38.26546282178551,20.322730481762594
GEO,0.960263096320158,113.97518880374962,50.30616303540776,19.20680654983479
Average,0.9590482184016302,552.6273909049727,230.71419940877678,19.49302556646265
