Target,R2,RMSE,MAE,RMSE % of Mean
LEO,0.9127750290398838,1879.667837824908,947.2612450599922,26.81192564035737
ISS,0.9009772352836385,1809.0547756815624,935.0835902161825,28.78344678962258
SSO,0.9110322605032188,1359.5401897904414,705.4054751186745,27.034795201628892
MEO,0.9072378599615382,166.3187972510583,86.03244784180747,27.623460992635408
GEO,0.9015117909632926,232.96417053449488,118.77356604443598,28.544008123581534
Average,0.9067068351503144,1089.509154216493,558.5112648562185,27.759527349565154
