Target,R2,RMSE,MAE,RMSE % of Mean
LEO,0.9125765224279653,1515.1285843743117,754.7999307946263,29.74071573916776
ISS,0.9287354193833571,1219.7934059010756,620.4046559629443,26.90165660041458
SSO,0.919101609173928,1033.9596904208508,539.2930039534774,28.465835706990973
MEO,0.9020145747364848,138.85378670702323,74.13690297703027,31.56732397466497
GEO,0.9248104183568787,163.64030752540606,87.54338236394177,27.377844767614505
Average,0.9174477088157229,814.2751549857336,415.235575210404,28.81067535777056
