Target,R2,RMSE,MAE,RMSE % of Mean
LEO,0.8612963404106374,2344.925615444439,1151.193539422943,33.542222109066735
ISS,0.8350785273350405,2288.111670505062,1133.1055048065455,36.64471544630668
SSO,0.8357976616545783,1851.2994230105307,972.0688865392829,36.55086917129428
MEO,0.884475341656985,187.85040809302112,100.01257568346031,30.995113014777086
GEO,0.8595800765166719,279.53356201058364,140.37810525179066,34.03864328023579
Average,0.8552455895147826,1390.3441358127272,699.3517223408046,34.354312604336116
