Target,R2,RMSE,MAE,RMSE % of Mean
LEO,0.9691181366836914,861.7416779132149,336.9687265350517,16.918727754118486
ISS,0.9638179647461431,837.3311427396422,370.7240109082924,18.37186076510599
SSO,0.9612999895484429,690.9206076690011,304.93567456406356,18.98184483843077
MEO,0.9578478137171575,86.91435025839877,37.79081729645465,19.758111282166936
GEO,0.9642729222950475,108.07171807889652,48.00050625957145,18.211968801593777
Average,0.9632713653980967,516.9958993318307,219.68394711268678,18.44850268828319
